{
"lengthUnit": "mil",
"components": {
	"fields": ["COMPONENT_NO", "COMPONENT_NAME", "LAYER", "X_COORDINATE", "Y_COORDINATE", "ANGLE"],
	"rows": [
		[1, "4%E5%9B%BA%E5%AE%9A%E8%84%9A1", "T", 75, 330, 180],
		[2, "C1", "T", 162.85, -5.42, 90],
		[3, "GVTRO", "T", -393.7, -118.11, 270],
		[4, "GVTRO1", "T", -590.55, -118.11, 270],
		[5, "GVTRO2", "T", -787.4, -118.11, 270],
		[6, "GVTRO3", "T", -984.25, -118.11, 270],
		[7, "GVTRO4", "T", -1181.1, -118.11, 270],
		[8, "R1", "T", -120, -10, 270],
		[9, "R2", "T", 10, -340, 180],
		[10, "R3", "T", -65, -215, 180],
		[11, "SCREW1", "T", -1102.36, 393.7, 0],
		[12, "SCREW2", "T", -314.96, 393.7, 0],
		[13, "U2", "T", 15, -20, 180]
	]
},
"pins": {
	"fields": ["PIN_NO", "PIN_NAME", "PIN_X", "PIN_Y", "LAYER", "PIN_TYPE", "NET_NAME", "NET_TYPE", "PAD_SHAPE", "PAD_SIZEX", "PAD_SIZEY", "HOLE_SIZE", "PAD_ANGLE"],
	"rows": [
		[1, "4%25E5%259B%25BA%25E5%25AE%259A%25E8%2584%259A1_1", 245.08, 259.63, "T", "DIP", "GND", "GND", "O", 39.37, 82.68, 66.93, 180],
		[2, "4%25E5%259B%25BA%25E5%25AE%259A%25E8%2584%259A1_1", 245.08, 259.63, "B", "DIP", "GND", "GND", "O", 39.37, 82.68, 66.93, 180],
		[3, "4%25E5%259B%25BA%25E5%25AE%259A%25E8%2584%259A1_2", -95.08, 259.63, "T", "DIP", "GND", "GND", "O", 39.37, 82.68, 66.93, 180],
		[4, "4%25E5%259B%25BA%25E5%25AE%259A%25E8%2584%259A1_2", -95.08, 259.63, "B", "DIP", "GND", "GND", "O", 39.37, 82.68, 66.93, 180],
		[5, "4%25E5%259B%25BA%25E5%25AE%259A%25E8%2584%259A1_3", 245.08, 423.01, "T", "DIP", "GND", "GND", "O", 39.37, 70.87, 55.12, 180],
		[6, "4%25E5%259B%25BA%25E5%25AE%259A%25E8%2584%259A1_3", 245.08, 423.01, "B", "DIP", "GND", "GND", "O", 39.37, 70.87, 55.12, 180],
		[7, "4%25E5%259B%25BA%25E5%25AE%259A%25E8%2584%259A1_4", -95.08, 423.01, "T", "DIP", "GND", "GND", "O", 39.37, 70.87, 55.12, 180],
		[8, "4%25E5%259B%25BA%25E5%25AE%259A%25E8%2584%259A1_4", -95.08, 423.01, "B", "DIP", "GND", "GND", "O", 39.37, 70.87, 55.12, 180],
		[9, "4%25E5%259B%25BA%25E5%25AE%259A%25E8%2584%259A1_A1B12", 200.99, 236.99, "T", "SMD", "GND", "GND", "R", 23.62, 45.28, 0, 180],
		[10, "4%25E5%259B%25BA%25E5%25AE%259A%25E8%2584%259A1_A4B9", 169.49, 236.99, "T", "SMD", "5V", "", "R", 23.62, 45.28, 0, 180],
		[11, "4%25E5%259B%25BA%25E5%25AE%259A%25E8%2584%259A1_A5", 124.21, 236.99, "T", "SMD", "4%25E5%259B%25BA%25E5%25AE%259A%25E8%2584%259A1_A5", "", "R", 11.81, 45.28, 0, 180],
		[12, "4%25E5%259B%25BA%25E5%25AE%259A%25E8%2584%259A1_A6", 84.84, 236.99, "T", "SMD", "D+", "", "R", 11.81, 45.28, 0, 180],
		[13, "4%25E5%259B%25BA%25E5%25AE%259A%25E8%2584%259A1_A7", 65.16, 236.99, "T", "SMD", "D-", "", "R", 11.81, 45.28, 0, 180],
		[14, "4%25E5%259B%25BA%25E5%25AE%259A%25E8%2584%259A1_A8", 143.9, 236.99, "T", "SMD", "4%25E5%259B%25BA%25E5%25AE%259A%25E8%2584%259A1_A8", "", "R", 11.81, 45.28, 0, 180],
		[15, "4%25E5%259B%25BA%25E5%25AE%259A%25E8%2584%259A1_B1A12", -50.98, 236.99, "T", "SMD", "GND", "GND", "R", 23.62, 45.28, 0, 180],
		[16, "4%25E5%259B%25BA%25E5%25AE%259A%25E8%2584%259A1_B4A9", -19.49, 236.99, "T", "SMD", "5V", "", "R", 23.62, 45.28, 0, 180],
		[17, "4%25E5%259B%25BA%25E5%25AE%259A%25E8%2584%259A1_B5", 6.1, 236.99, "T", "SMD", "4%25E5%259B%25BA%25E5%25AE%259A%25E8%2584%259A1_B5", "", "R", 11.81, 45.28, 0, 180],
		[18, "4%25E5%259B%25BA%25E5%25AE%259A%25E8%2584%259A1_B6", 45.47, 236.99, "T", "SMD", "D+", "", "R", 11.81, 45.28, 0, 180],
		[19, "4%25E5%259B%25BA%25E5%25AE%259A%25E8%2584%259A1_B7", 104.53, 236.99, "T", "SMD", "D-", "", "R", 11.81, 45.28, 0, 180],
		[20, "4%25E5%259B%25BA%25E5%25AE%259A%25E8%2584%259A1_B8", 25.79, 236.99, "T", "SMD", "4%25E5%259B%25BA%25E5%25AE%259A%25E8%2584%259A1_B8", "", "R", 11.81, 45.28, 0, 180],
		[21, "C1_1", 162.85, -44.79, "T", "SMD", "$1N282", "", "R", 55.51, 53.15, 0, 90],
		[22, "C1_2", 162.85, 33.95, "T", "SMD", "GND", "GND", "R", 55.51, 53.15, 0, 90],
		[23, "GVTRO_1", -393.7, 131.89, "T", "DIP", "GND", "GND", "R", 70.87, 70.87, 47.24, 270],
		[24, "GVTRO_1", -393.7, 131.89, "B", "DIP", "GND", "GND", "R", 70.87, 70.87, 47.24, 270],
		[25, "GVTRO_2", -393.7, 31.89, "T", "DIP", "5V", "", "C", 70.87, 70.87, 47.24, 270],
		[26, "GVTRO_2", -393.7, 31.89, "B", "DIP", "5V", "", "C", 70.87, 70.87, 47.24, 270],
		[27, "GVTRO_3", -393.7, -68.11, "T", "DIP", "TXD", "", "C", 70.87, 70.87, 47.24, 270],
		[28, "GVTRO_3", -393.7, -68.11, "B", "DIP", "TXD", "", "C", 70.87, 70.87, 47.24, 270],
		[29, "GVTRO_4", -393.7, -168.11, "T", "DIP", "RXD", "", "C", 70.87, 70.87, 47.24, 270],
		[30, "GVTRO_4", -393.7, -168.11, "B", "DIP", "RXD", "", "C", 70.87, 70.87, 47.24, 270],
		[31, "GVTRO_5", -393.7, -268.11, "T", "DIP", "IO0", "", "C", 70.87, 70.87, 47.24, 270],
		[32, "GVTRO_5", -393.7, -268.11, "B", "DIP", "IO0", "", "C", 70.87, 70.87, 47.24, 270],
		[33, "GVTRO_6", -393.7, -368.11, "T", "DIP", "RST", "", "C", 70.87, 70.87, 47.24, 270],
		[34, "GVTRO_6", -393.7, -368.11, "B", "DIP", "RST", "", "C", 70.87, 70.87, 47.24, 270],
		[35, "GVTRO1_1", -590.55, 131.89, "T", "DIP", "GND", "GND", "R", 70.87, 70.87, 47.24, 270],
		[36, "GVTRO1_1", -590.55, 131.89, "B", "DIP", "GND", "GND", "R", 70.87, 70.87, 47.24, 270],
		[37, "GVTRO1_2", -590.55, 31.89, "T", "DIP", "5V", "", "C", 70.87, 70.87, 47.24, 270],
		[38, "GVTRO1_2", -590.55, 31.89, "B", "DIP", "5V", "", "C", 70.87, 70.87, 47.24, 270],
		[39, "GVTRO1_3", -590.55, -68.11, "T", "DIP", "TXD", "", "C", 70.87, 70.87, 47.24, 270],
		[40, "GVTRO1_3", -590.55, -68.11, "B", "DIP", "TXD", "", "C", 70.87, 70.87, 47.24, 270],
		[41, "GVTRO1_4", -590.55, -168.11, "T", "DIP", "RXD", "", "C", 70.87, 70.87, 47.24, 270],
		[42, "GVTRO1_4", -590.55, -168.11, "B", "DIP", "RXD", "", "C", 70.87, 70.87, 47.24, 270],
		[43, "GVTRO1_5", -590.55, -268.11, "T", "DIP", "IO0", "", "C", 70.87, 70.87, 47.24, 270],
		[44, "GVTRO1_5", -590.55, -268.11, "B", "DIP", "IO0", "", "C", 70.87, 70.87, 47.24, 270],
		[45, "GVTRO1_6", -590.55, -368.11, "T", "DIP", "RST", "", "C", 70.87, 70.87, 47.24, 270],
		[46, "GVTRO1_6", -590.55, -368.11, "B", "DIP", "RST", "", "C", 70.87, 70.87, 47.24, 270],
		[47, "GVTRO2_1", -787.4, 131.89, "T", "DIP", "GND", "GND", "R", 70.87, 70.87, 47.24, 270],
		[48, "GVTRO2_1", -787.4, 131.89, "B", "DIP", "GND", "GND", "R", 70.87, 70.87, 47.24, 270],
		[49, "GVTRO2_2", -787.4, 31.89, "T", "DIP", "5V", "", "C", 70.87, 70.87, 47.24, 270],
		[50, "GVTRO2_2", -787.4, 31.89, "B", "DIP", "5V", "", "C", 70.87, 70.87, 47.24, 270],
		[51, "GVTRO2_3", -787.4, -68.11, "T", "DIP", "TXD", "", "C", 70.87, 70.87, 47.24, 270],
		[52, "GVTRO2_3", -787.4, -68.11, "B", "DIP", "TXD", "", "C", 70.87, 70.87, 47.24, 270],
		[53, "GVTRO2_4", -787.4, -168.11, "T", "DIP", "RXD", "", "C", 70.87, 70.87, 47.24, 270],
		[54, "GVTRO2_4", -787.4, -168.11, "B", "DIP", "RXD", "", "C", 70.87, 70.87, 47.24, 270],
		[55, "GVTRO2_5", -787.4, -268.11, "T", "DIP", "IO0", "", "C", 70.87, 70.87, 47.24, 270],
		[56, "GVTRO2_5", -787.4, -268.11, "B", "DIP", "IO0", "", "C", 70.87, 70.87, 47.24, 270],
		[57, "GVTRO2_6", -787.4, -368.11, "T", "DIP", "RST", "", "C", 70.87, 70.87, 47.24, 270],
		[58, "GVTRO2_6", -787.4, -368.11, "B", "DIP", "RST", "", "C", 70.87, 70.87, 47.24, 270],
		[59, "GVTRO3_1", -984.25, 131.89, "T", "DIP", "GND", "GND", "R", 70.87, 70.87, 47.24, 270],
		[60, "GVTRO3_1", -984.25, 131.89, "B", "DIP", "GND", "GND", "R", 70.87, 70.87, 47.24, 270],
		[61, "GVTRO3_2", -984.25, 31.89, "T", "DIP", "5V", "", "C", 70.87, 70.87, 47.24, 270],
		[62, "GVTRO3_2", -984.25, 31.89, "B", "DIP", "5V", "", "C", 70.87, 70.87, 47.24, 270],
		[63, "GVTRO3_3", -984.25, -68.11, "T", "DIP", "TXD", "", "C", 70.87, 70.87, 47.24, 270],
		[64, "GVTRO3_3", -984.25, -68.11, "B", "DIP", "TXD", "", "C", 70.87, 70.87, 47.24, 270],
		[65, "GVTRO3_4", -984.25, -168.11, "T", "DIP", "RXD", "", "C", 70.87, 70.87, 47.24, 270],
		[66, "GVTRO3_4", -984.25, -168.11, "B", "DIP", "RXD", "", "C", 70.87, 70.87, 47.24, 270],
		[67, "GVTRO3_5", -984.25, -268.11, "T", "DIP", "IO0", "", "C", 70.87, 70.87, 47.24, 270],
		[68, "GVTRO3_5", -984.25, -268.11, "B", "DIP", "IO0", "", "C", 70.87, 70.87, 47.24, 270],
		[69, "GVTRO3_6", -984.25, -368.11, "T", "DIP", "RST", "", "C", 70.87, 70.87, 47.24, 270],
		[70, "GVTRO3_6", -984.25, -368.11, "B", "DIP", "RST", "", "C", 70.87, 70.87, 47.24, 270],
		[71, "GVTRO4_1", -1181.1, 131.89, "T", "DIP", "GND", "GND", "R", 70.87, 70.87, 47.24, 270],
		[72, "GVTRO4_1", -1181.1, 131.89, "B", "DIP", "GND", "GND", "R", 70.87, 70.87, 47.24, 270],
		[73, "GVTRO4_2", -1181.1, 31.89, "T", "DIP", "5V", "", "C", 70.87, 70.87, 47.24, 270],
		[74, "GVTRO4_2", -1181.1, 31.89, "B", "DIP", "5V", "", "C", 70.87, 70.87, 47.24, 270],
		[75, "GVTRO4_3", -1181.1, -68.11, "T", "DIP", "TXD", "", "C", 70.87, 70.87, 47.24, 270],
		[76, "GVTRO4_3", -1181.1, -68.11, "B", "DIP", "TXD", "", "C", 70.87, 70.87, 47.24, 270],
		[77, "GVTRO4_4", -1181.1, -168.11, "T", "DIP", "RXD", "", "C", 70.87, 70.87, 47.24, 270],
		[78, "GVTRO4_4", -1181.1, -168.11, "B", "DIP", "RXD", "", "C", 70.87, 70.87, 47.24, 270],
		[79, "GVTRO4_5", -1181.1, -268.11, "T", "DIP", "IO0", "", "C", 70.87, 70.87, 47.24, 270],
		[80, "GVTRO4_5", -1181.1, -268.11, "B", "DIP", "IO0", "", "C", 70.87, 70.87, 47.24, 270],
		[81, "GVTRO4_6", -1181.1, -368.11, "T", "DIP", "RST", "", "C", 70.87, 70.87, 47.24, 270],
		[82, "GVTRO4_6", -1181.1, -368.11, "B", "DIP", "RST", "", "C", 70.87, 70.87, 47.24, 270],
		[83, "R1_1", -120, 29.37, "T", "SMD", "$1N281", "", "R", 44.59, 54.21, 0, 270],
		[84, "R1_2", -120, -49.37, "T", "SMD", "IO0", "", "R", 44.59, 54.21, 0, 270],
		[85, "R2_1", 49.37, -340, "T", "SMD", "$1N284", "", "R", 44.59, 54.21, 0, 180],
		[86, "R2_2", -29.37, -340, "T", "SMD", "TXD", "", "R", 44.59, 54.21, 0, 180],
		[87, "R3_1", -25.63, -215, "T", "SMD", "$1N278", "", "R", 44.59, 54.21, 0, 180],
		[88, "R3_2", -104.37, -215, "T", "SMD", "RXD", "", "R", 44.59, 54.21, 0, 180],
		[89, "SCREW1_1", -1104.86, 396.2, "T", "DIP", "SCREW1_1", "", "C", 126, 126, 126, 0],
		[90, "SCREW1_1", -1104.86, 396.2, "B", "DIP", "SCREW1_1", "", "C", 126, 126, 126, 0],
		[91, "SCREW2_1", -317.46, 396.2, "T", "DIP", "SCREW2_1", "", "C", 126, 126, 126, 0],
		[92, "SCREW2_1", -317.46, 396.2, "B", "DIP", "SCREW2_1", "", "C", 126, 126, 126, 0],
		[93, "U2_1", 54.37, 63.07, "T", "SMD", "D+", "", "O", 11.02, 63.78, 0, 180],
		[94, "U2_2", 34.68, 63.07, "T", "SMD", "D-", "", "O", 11.02, 63.78, 0, 180],
		[95, "U2_3", 15, 63.07, "T", "SMD", "GND", "GND", "O", 11.02, 63.78, 0, 180],
		[96, "U2_4", -4.69, 63.07, "T", "SMD", "RST", "", "O", 11.02, 63.78, 0, 180],
		[97, "U2_5", -24.37, 63.07, "T", "SMD", "$1N281", "", "O", 11.02, 63.78, 0, 180],
		[98, "U2_6", -24.37, -103.07, "T", "SMD", "IO0", "", "O", 11.02, 63.78, 0, 180],
		[99, "U2_7", -4.69, -103.07, "T", "SMD", "5V", "", "O", 11.02, 63.78, 0, 180],
		[100, "U2_8", 15, -103.07, "T", "SMD", "$1N278", "", "O", 11.02, 63.78, 0, 180],
		[101, "U2_9", 34.68, -103.07, "T", "SMD", "$1N284", "", "O", 11.02, 63.78, 0, 180],
		[102, "U2_10", 54.37, -103.07, "T", "SMD", "$1N282", "", "O", 11.02, 63.78, 0, 180]
	]
}
}