{
"lengthUnit": "mil",
"components": {
	"fields": ["COMPONENT_NO", "COMPONENT_NAME", "LAYER", "X_COORDINATE", "Y_COORDINATE", "ANGLE"],
	"rows": [
		[1, "1K", "T", -73.1, -277.63, 0],
		[2, "2B2A1A1B", "T", -490, -491.73, 0],
		[3, "5vAMS", "T", -479.6, -215, 270],
		[4, "10k", "T", 535, -355, 0],
		[5, "10kN1", "T", 535, -255, 180],
		[6, "12G", "T", 710, -300, 90],
		[7, "100K1", "T", -3.31, 580.25, 180],
		[8, "200K1", "T", -3.31, 678.15, 180],
		[9, "%E5%BC%80%E5%85%B3", "T", -50, -600, 270],
		[10, "%E7%83%AD%E6%95%8F%E7%94%B5%E9%98%BB1", "T", -196.43, 576.04, 180],
		[11, "AMS1117", "T", -479.6, 220, 270],
		[12, "DC1", "T", 305, -392.06, 90],
		[13, "ESP12", "T", 170, 155, 270],
		[14, "GVTRO", "T", 435, 655, 180],
		[15, "M1", "T", -480, 9.62, 180],
		[16, "R%EF%BC%9D%E5%8F%AF%E8%AE%8A/10", "T", -196.43, 681.4, 0],
		[17, "U1", "B", 0, 0, 180]
	]
},
"pins": {
	"fields": ["PIN_NO", "PIN_NAME", "PIN_X", "PIN_Y", "LAYER", "PIN_TYPE", "NET_NAME", "NET_TYPE", "PAD_SHAPE", "PAD_SIZEX", "PAD_SIZEY", "HOLE_SIZE", "PAD_ANGLE"],
	"rows": [
		[1, "1K_1", -112.47, -277.63, "T", "SMD", "$1N12455", "", "R", 44.59, 54.21, 0, 0],
		[2, "1K_2", -33.73, -277.63, "T", "SMD", "GND", "GND", "R", 44.59, 54.21, 0, 0],
		[3, "2B2A1A1B_1", -640, -491.73, "T", "DIP", "2B", "", "R", 66.93, 66.93, 43.31, 0],
		[4, "2B2A1A1B_1", -640, -491.73, "B", "DIP", "2B", "", "R", 66.93, 66.93, 43.31, 0],
		[5, "2B2A1A1B_2", -540, -491.73, "T", "DIP", "2A", "", "C", 66.93, 66.93, 43.31, 0],
		[6, "2B2A1A1B_2", -540, -491.73, "B", "DIP", "2A", "", "C", 66.93, 66.93, 43.31, 0],
		[7, "2B2A1A1B_3", -440, -491.73, "T", "DIP", "1A", "", "C", 66.93, 66.93, 43.31, 0],
		[8, "2B2A1A1B_3", -440, -491.73, "B", "DIP", "1A", "", "C", 66.93, 66.93, 43.31, 0],
		[9, "2B2A1A1B_4", -340, -491.73, "T", "DIP", "1B", "", "C", 66.93, 66.93, 43.31, 0],
		[10, "2B2A1A1B_4", -340, -491.73, "B", "DIP", "1B", "", "C", 66.93, 66.93, 43.31, 0],
		[11, "5vAMS_1", -570.15, -327.5, "T", "SMD", "GND", "GND", "R", 97.05, 41.34, 0, 270],
		[12, "5vAMS_2", -479.6, -327.5, "T", "SMD", "5V", "", "R", 97.05, 41.34, 0, 270],
		[13, "5vAMS_3", -389.05, -327.5, "T", "SMD", "12V", "", "R", 97.05, 41.34, 0, 270],
		[14, "5vAMS_4", -479.6, -102.5, "T", "SMD", "5vAMS_4", "", "R", 97.05, 139.37, 0, 270],
		[15, "10k_1", 495.63, -355, "T", "SMD", "3.3V", "", "R", 44.59, 54.21, 0, 0],
		[16, "10k_2", 574.37, -355, "T", "SMD", "IO5", "", "R", 44.59, 54.21, 0, 0],
		[17, "10kN1_1", 574.37, -255, "T", "SMD", "IO4", "", "R", 44.59, 54.21, 0, 180],
		[18, "10kN1_2", 495.63, -255, "T", "SMD", "3.3V", "", "R", 44.59, 54.21, 0, 180],
		[19, "12G_1", 710, -350, "T", "DIP", "12V", "", "R", 70.87, 70.87, 39.37, 90],
		[20, "12G_1", 710, -350, "B", "DIP", "12V", "", "R", 70.87, 70.87, 39.37, 90],
		[21, "12G_2", 710, -250, "T", "DIP", "GND", "GND", "C", 70.87, 70.87, 39.37, 90],
		[22, "12G_2", 710, -250, "B", "DIP", "GND", "GND", "C", 70.87, 70.87, 39.37, 90],
		[23, "100K1_1", 36.06, 580.25, "T", "SMD", "ADC", "", "R", 44.59, 54.21, 0, 180],
		[24, "100K1_2", -42.68, 580.25, "T", "SMD", "GND", "GND", "R", 44.59, 54.21, 0, 180],
		[25, "200K1_1", 36.06, 678.15, "T", "SMD", "ADC", "", "R", 44.59, 54.21, 0, 180],
		[26, "200K1_2", -42.68, 678.15, "T", "SMD", "$1N11155", "", "R", 44.59, 54.21, 0, 180],
		[27, "%25E5%25BC%2580%25E5%2585%25B3_1", -50, -500, "T", "DIP", "$1N3892", "", "R", 66.93, 66.93, 43.31, 270],
		[28, "%25E5%25BC%2580%25E5%2585%25B3_1", -50, -500, "B", "DIP", "$1N3892", "", "R", 66.93, 66.93, 43.31, 270],
		[29, "%25E5%25BC%2580%25E5%2585%25B3_2", -50, -600, "T", "DIP", "12V", "", "C", 66.93, 66.93, 43.31, 270],
		[30, "%25E5%25BC%2580%25E5%2585%25B3_2", -50, -600, "B", "DIP", "12V", "", "C", 66.93, 66.93, 43.31, 270],
		[31, "%25E5%25BC%2580%25E5%2585%25B3_3", -50, -700, "T", "DIP", "12V", "", "C", 66.93, 66.93, 43.31, 270],
		[32, "%25E5%25BC%2580%25E5%2585%25B3_3", -50, -700, "B", "DIP", "12V", "", "C", 66.93, 66.93, 43.31, 270],
		[33, "%25E7%2583%25AD%25E6%2595%258F%25E7%2594%25B5%25E9%2598%25BB1_1", -157.06, 576.04, "T", "SMD", "$1N11155", "", "R", 44.59, 54.21, 0, 180],
		[34, "%25E7%2583%25AD%25E6%2595%258F%25E7%2594%25B5%25E9%2598%25BB1_2", -235.8, 576.04, "T", "SMD", "3.3V", "", "R", 44.59, 54.21, 0, 180],
		[35, "AMS1117_1", -570.1, 95, "T", "SMD", "GND", "GND", "R", 78.7, 47.2, 0, 90],
		[36, "AMS1117_2", -479.6, 95, "T", "SMD", "3.3V", "", "R", 78.7, 47.2, 0, 90],
		[37, "AMS1117_3", -389, 95, "T", "SMD", "5V", "", "R", 78.7, 47.2, 0, 90],
		[38, "AMS1117_4", -479.6, 345, "T", "SMD", "AMS1117_4", "", "R", 90.6, 149.6, 0, 90],
		[39, "DC1_1", 212.41, -273.95, "T", "DIP", "$1N3892", "", "O", 165.35, 70.87, 137.79, 180],
		[40, "DC1_1", 212.41, -273.95, "B", "DIP", "$1N3892", "", "O", 165.35, 70.87, 137.79, 180],
		[41, "DC1_2", 212.42, -510.17, "T", "DIP", "GND", "GND", "O", 157.48, 70.87, 129.92, 0],
		[42, "DC1_2", 212.42, -510.17, "B", "DIP", "GND", "GND", "O", 157.48, 70.87, 129.92, 0],
		[43, "DC1_3", 397.58, -392.07, "T", "DIP", "GND", "GND", "O", 157.48, 70.87, 129.92, 90],
		[44, "DC1_3", 397.58, -392.07, "B", "DIP", "GND", "GND", "O", 157.48, 70.87, 129.92, 90],
		[45, "ESP12_1", 445.6, 445, "T", "SMD", "RST", "", "R", 50, 43.3, 0, 270],
		[46, "ESP12_2", 366.8, 445, "T", "SMD", "ADC", "", "R", 50, 43.3, 0, 270],
		[47, "ESP12_3", 288.1, 445, "T", "SMD", "ESP12_3", "", "R", 50, 43.3, 0, 270],
		[48, "ESP12_4", 209.4, 445, "T", "SMD", "RST", "", "R", 50, 43.3, 0, 270],
		[49, "ESP12_5", 130.6, 445, "T", "SMD", "IO14", "", "R", 50, 43.3, 0, 270],
		[50, "ESP12_6", 51.9, 445, "T", "SMD", "IO12", "", "R", 50, 43.3, 0, 270],
		[51, "ESP12_7", -26.9, 445, "T", "SMD", "IO13", "", "R", 50, 43.3, 0, 270],
		[52, "ESP12_8", -105.6, 445, "T", "SMD", "3.3V", "", "R", 50, 43.3, 0, 270],
		[53, "ESP12_9", -105.6, -135, "T", "SMD", "GND", "GND", "R", 50, 43.3, 0, 270],
		[54, "ESP12_10", -26.9, -135, "T", "SMD", "IO15", "", "R", 50, 43.3, 0, 270],
		[55, "ESP12_11", 51.9, -135, "T", "SMD", "IO2", "", "R", 50, 43.3, 0, 270],
		[56, "ESP12_12", 130.6, -135, "T", "SMD", "IO0", "", "R", 50, 43.3, 0, 270],
		[57, "ESP12_13", 209.4, -135, "T", "SMD", "IO4", "", "R", 50, 43.3, 0, 270],
		[58, "ESP12_14", 288.1, -135, "T", "SMD", "IO5", "", "R", 50, 43.3, 0, 270],
		[59, "ESP12_15", 366.8, -135, "T", "SMD", "RXD", "", "R", 50, 43.3, 0, 270],
		[60, "ESP12_16", 445.6, -135, "T", "SMD", "TXD", "", "R", 50, 43.3, 0, 270],
		[61, "ESP12_17", 260.6, 147.1, "T", "SMD", "ESP12_17", "", "R", 126, 126, 0, 270],
		[62, "GVTRO_1", 685, 655, "T", "DIP", "GND", "GND", "R", 70.87, 62.99, 40.16, 180],
		[63, "GVTRO_1", 685, 655, "B", "DIP", "GND", "GND", "R", 70.87, 62.99, 40.16, 180],
		[64, "GVTRO_2", 585, 655, "T", "DIP", "5V", "", "C", 62.99, 62.99, 40.16, 180],
		[65, "GVTRO_2", 585, 655, "B", "DIP", "5V", "", "C", 62.99, 62.99, 40.16, 180],
		[66, "GVTRO_3", 485, 655, "T", "DIP", "TXD", "", "C", 62.99, 62.99, 40.16, 180],
		[67, "GVTRO_3", 485, 655, "B", "DIP", "TXD", "", "C", 62.99, 62.99, 40.16, 180],
		[68, "GVTRO_4", 385, 655, "T", "DIP", "RXD", "", "C", 62.99, 62.99, 40.16, 180],
		[69, "GVTRO_4", 385, 655, "B", "DIP", "RXD", "", "C", 62.99, 62.99, 40.16, 180],
		[70, "GVTRO_5", 285, 655, "T", "DIP", "IO0", "", "C", 62.99, 62.99, 40.16, 180],
		[71, "GVTRO_5", 285, 655, "B", "DIP", "IO0", "", "C", 62.99, 62.99, 40.16, 180],
		[72, "GVTRO_6", 185, 655, "T", "DIP", "RST", "", "C", 62.99, 62.99, 40.16, 180],
		[73, "GVTRO_6", 185, 655, "B", "DIP", "RST", "", "C", 62.99, 62.99, 40.16, 180],
		[74, "M1_1", -230, -340.38, "T", "DIP", "IO13", "", "R", 62.99, 62.99, 31.7, 180],
		[75, "M1_1", -230, -340.38, "B", "DIP", "IO13", "", "R", 62.99, 62.99, 31.7, 180],
		[76, "M1_2", -230, -240.38, "T", "DIP", "GND", "GND", "C", 62.99, 62.99, 31.7, 180],
		[77, "M1_2", -230, -240.38, "B", "DIP", "GND", "GND", "C", 62.99, 62.99, 31.7, 180],
		[78, "M1_3", -230, -140.38, "T", "DIP", "IO15", "", "C", 62.99, 62.99, 31.7, 180],
		[79, "M1_3", -230, -140.38, "B", "DIP", "IO15", "", "C", 62.99, 62.99, 31.7, 180],
		[80, "M1_4", -230, -40.38, "T", "DIP", "GND", "GND", "C", 62.99, 62.99, 31.7, 180],
		[81, "M1_4", -230, -40.38, "B", "DIP", "GND", "GND", "C", 62.99, 62.99, 31.7, 180],
		[82, "M1_5", -230, 59.62, "T", "DIP", "$1N10904", "", "C", 62.99, 62.99, 31.7, 180],
		[83, "M1_5", -230, 59.62, "B", "DIP", "$1N10904", "", "C", 62.99, 62.99, 31.7, 180],
		[84, "M1_6", -230, 159.62, "T", "DIP", "$1N10904", "", "C", 62.99, 62.99, 31.7, 180],
		[85, "M1_6", -230, 159.62, "B", "DIP", "$1N10904", "", "C", 62.99, 62.99, 31.7, 180],
		[86, "M1_7", -230, 259.62, "T", "DIP", "IO12", "", "C", 62.99, 62.99, 31.7, 180],
		[87, "M1_7", -230, 259.62, "B", "DIP", "IO12", "", "C", 62.99, 62.99, 31.7, 180],
		[88, "M1_8", -230, 359.62, "T", "DIP", "IO14", "", "C", 62.99, 62.99, 31.7, 180],
		[89, "M1_8", -230, 359.62, "B", "DIP", "IO14", "", "C", 62.99, 62.99, 31.7, 180],
		[90, "M1_9", -730, -340.38, "T", "DIP", "12V", "", "C", 62.99, 62.99, 31.7, 180],
		[91, "M1_9", -730, -340.38, "B", "DIP", "12V", "", "C", 62.99, 62.99, 31.7, 180],
		[92, "M1_10", -730, -240.38, "T", "DIP", "GND", "GND", "C", 62.99, 62.99, 31.7, 180],
		[93, "M1_10", -730, -240.38, "B", "DIP", "GND", "GND", "C", 62.99, 62.99, 31.7, 180],
		[94, "M1_11", -730, -140.38, "T", "DIP", "2B", "", "C", 62.99, 62.99, 31.7, 180],
		[95, "M1_11", -730, -140.38, "B", "DIP", "2B", "", "C", 62.99, 62.99, 31.7, 180],
		[96, "M1_12", -730, -40.38, "T", "DIP", "2A", "", "C", 62.99, 62.99, 31.7, 180],
		[97, "M1_12", -730, -40.38, "B", "DIP", "2A", "", "C", 62.99, 62.99, 31.7, 180],
		[98, "M1_13", -730, 59.62, "T", "DIP", "1A", "", "C", 62.99, 62.99, 31.7, 180],
		[99, "M1_13", -730, 59.62, "B", "DIP", "1A", "", "C", 62.99, 62.99, 31.7, 180],
		[100, "M1_14", -725, 159.62, "T", "DIP", "1B", "", "C", 62.99, 62.99, 31.7, 180],
		[101, "M1_14", -725, 159.62, "B", "DIP", "1B", "", "C", 62.99, 62.99, 31.7, 180],
		[102, "M1_15", -730, 259.62, "T", "DIP", "3.3V", "", "C", 62.99, 62.99, 31.7, 180],
		[103, "M1_15", -730, 259.62, "B", "DIP", "3.3V", "", "C", 62.99, 62.99, 31.7, 180],
		[104, "M1_16", -730, 359.62, "T", "DIP", "GND", "GND", "C", 62.99, 62.99, 31.7, 180],
		[105, "M1_16", -730, 359.62, "B", "DIP", "GND", "GND", "C", 62.99, 62.99, 31.7, 180],
		[106, "R%25EF%25BC%259D%25E5%258F%25AF%25E8%25AE%258A/10_1", -235.8, 681.4, "T", "SMD", "GND", "GND", "R", 44.59, 54.21, 0, 0],
		[107, "R%25EF%25BC%259D%25E5%258F%25AF%25E8%25AE%258A/10_2", -157.06, 681.4, "T", "SMD", "$1N11155", "", "R", 44.59, 54.21, 0, 0],
		[108, "U1_1", 75, -106.5, "B", "SMD", "U1_1", "", "O", 22.38, 76.78, 0, 180],
		[109, "U1_2", 25, -106.5, "B", "SMD", "3.3V", "", "O", 22.38, 76.78, 0, 180],
		[110, "U1_3", -25, -106.5, "B", "SMD", "U1_3", "", "O", 22.38, 76.78, 0, 180],
		[111, "U1_4", -75, -106.5, "B", "SMD", "GND", "GND", "O", 22.38, 76.78, 0, 180],
		[112, "U1_5", -75, 106.5, "B", "SMD", "$1N12455", "", "O", 22.38, 76.78, 0, 180],
		[113, "U1_6", -25, 106.5, "B", "SMD", "IO4", "", "O", 22.38, 76.78, 0, 180],
		[114, "U1_7", 25, 106.5, "B", "SMD", "IO5", "", "O", 22.38, 76.78, 0, 180],
		[115, "U1_8", 75, 106.5, "B", "SMD", "GND", "GND", "O", 22.38, 76.78, 0, 180]
	]
}
}