{
"lengthUnit": "mil",
"components": {
	"fields": ["COMPONENT_NO", "COMPONENT_NAME", "LAYER", "X_COORDINATE", "Y_COORDINATE", "ANGLE"],
	"rows": [
		[1, "DC1", "T", -1377.95, -354.33, 90],
		[2, "DC2", "T", -787.4, -354.33, 90],
		[3, "DC3", "T", -196.85, -354.33, 90],
		[4, "DC4", "T", 393.7, -354.33, 90],
		[5, "DC5", "T", 984.25, -354.33, 90],
		[6, "DC6", "T", 1574.8, -354.33, 90],
		[7, "SCREW1", "T", -1574.8, 39.37, 0],
		[8, "SCREW2", "T", 1574.8, 39.37, 0],
		[9, "SCREW3", "T", -885.83, 39.37, 0],
		[10, "SCREW4", "T", 885.83, 39.37, 0],
		[11, "SCREW5", "T", -295.28, 39.37, 0],
		[12, "SCREW6", "T", 295.28, 39.37, 0]
	]
},
"pins": {
	"fields": ["PIN_NO", "PIN_NAME", "PIN_X", "PIN_Y", "LAYER", "PIN_TYPE", "NET_NAME", "NET_TYPE", "PAD_SHAPE", "PAD_SIZEX", "PAD_SIZEY", "HOLE_SIZE", "PAD_ANGLE"],
	"rows": [
		[1, "DC1_1", -1470.54, -236.22, "T", "DIP", "01", "", "O", 165.35, 70.87, 137.79, 180],
		[2, "DC1_1", -1470.54, -236.22, "B", "DIP", "01", "", "O", 165.35, 70.87, 137.79, 180],
		[3, "DC1_2", -1470.54, -472.44, "T", "DIP", "02", "", "O", 157.48, 70.87, 129.92, 0],
		[4, "DC1_2", -1470.54, -472.44, "B", "DIP", "02", "", "O", 157.48, 70.87, 129.92, 0],
		[5, "DC1_3", -1285.37, -354.34, "T", "DIP", "02", "", "O", 157.48, 70.87, 129.92, 90],
		[6, "DC1_3", -1285.37, -354.34, "B", "DIP", "02", "", "O", 157.48, 70.87, 129.92, 90],
		[7, "DC2_1", -879.99, -236.22, "T", "DIP", "01", "", "O", 165.35, 70.87, 137.79, 180],
		[8, "DC2_1", -879.99, -236.22, "B", "DIP", "01", "", "O", 165.35, 70.87, 137.79, 180],
		[9, "DC2_2", -879.99, -472.44, "T", "DIP", "02", "", "O", 157.48, 70.87, 129.92, 0],
		[10, "DC2_2", -879.99, -472.44, "B", "DIP", "02", "", "O", 157.48, 70.87, 129.92, 0],
		[11, "DC2_3", -694.82, -354.34, "T", "DIP", "02", "", "O", 157.48, 70.87, 129.92, 90],
		[12, "DC2_3", -694.82, -354.34, "B", "DIP", "02", "", "O", 157.48, 70.87, 129.92, 90],
		[13, "DC3_1", -289.44, -236.22, "T", "DIP", "01", "", "O", 165.35, 70.87, 137.79, 180],
		[14, "DC3_1", -289.44, -236.22, "B", "DIP", "01", "", "O", 165.35, 70.87, 137.79, 180],
		[15, "DC3_2", -289.44, -472.44, "T", "DIP", "02", "", "O", 157.48, 70.87, 129.92, 0],
		[16, "DC3_2", -289.44, -472.44, "B", "DIP", "02", "", "O", 157.48, 70.87, 129.92, 0],
		[17, "DC3_3", -104.27, -354.34, "T", "DIP", "02", "", "O", 157.48, 70.87, 129.92, 90],
		[18, "DC3_3", -104.27, -354.34, "B", "DIP", "02", "", "O", 157.48, 70.87, 129.92, 90],
		[19, "DC4_1", 301.12, -236.22, "T", "DIP", "01", "", "O", 165.35, 70.87, 137.79, 180],
		[20, "DC4_1", 301.12, -236.22, "B", "DIP", "01", "", "O", 165.35, 70.87, 137.79, 180],
		[21, "DC4_2", 301.12, -472.44, "T", "DIP", "02", "", "O", 157.48, 70.87, 129.92, 0],
		[22, "DC4_2", 301.12, -472.44, "B", "DIP", "02", "", "O", 157.48, 70.87, 129.92, 0],
		[23, "DC4_3", 486.29, -354.34, "T", "DIP", "02", "", "O", 157.48, 70.87, 129.92, 90],
		[24, "DC4_3", 486.29, -354.34, "B", "DIP", "02", "", "O", 157.48, 70.87, 129.92, 90],
		[25, "DC5_1", 891.67, -236.22, "T", "DIP", "01", "", "O", 165.35, 70.87, 137.79, 180],
		[26, "DC5_1", 891.67, -236.22, "B", "DIP", "01", "", "O", 165.35, 70.87, 137.79, 180],
		[27, "DC5_2", 891.67, -472.44, "T", "DIP", "02", "", "O", 157.48, 70.87, 129.92, 0],
		[28, "DC5_2", 891.67, -472.44, "B", "DIP", "02", "", "O", 157.48, 70.87, 129.92, 0],
		[29, "DC5_3", 1076.84, -354.34, "T", "DIP", "02", "", "O", 157.48, 70.87, 129.92, 90],
		[30, "DC5_3", 1076.84, -354.34, "B", "DIP", "02", "", "O", 157.48, 70.87, 129.92, 90],
		[31, "DC6_1", 1482.22, -236.22, "T", "DIP", "01", "", "O", 165.35, 70.87, 137.79, 180],
		[32, "DC6_1", 1482.22, -236.22, "B", "DIP", "01", "", "O", 165.35, 70.87, 137.79, 180],
		[33, "DC6_2", 1482.22, -472.44, "T", "DIP", "02", "", "O", 157.48, 70.87, 129.92, 0],
		[34, "DC6_2", 1482.22, -472.44, "B", "DIP", "02", "", "O", 157.48, 70.87, 129.92, 0],
		[35, "DC6_3", 1667.39, -354.34, "T", "DIP", "02", "", "O", 157.48, 70.87, 129.92, 90],
		[36, "DC6_3", 1667.39, -354.34, "B", "DIP", "02", "", "O", 157.48, 70.87, 129.92, 90],
		[37, "SCREW1_1", -1577.3, 41.87, "T", "DIP", "SCREW1_1", "", "C", 126, 126, 126, 0],
		[38, "SCREW1_1", -1577.3, 41.87, "B", "DIP", "SCREW1_1", "", "C", 126, 126, 126, 0],
		[39, "SCREW2_1", 1572.3, 41.87, "T", "DIP", "SCREW2_1", "", "C", 126, 126, 126, 0],
		[40, "SCREW2_1", 1572.3, 41.87, "B", "DIP", "SCREW2_1", "", "C", 126, 126, 126, 0],
		[41, "SCREW3_1", -888.33, 41.87, "T", "DIP", "SCREW3_1", "", "C", 126, 126, 126, 0],
		[42, "SCREW3_1", -888.33, 41.87, "B", "DIP", "SCREW3_1", "", "C", 126, 126, 126, 0],
		[43, "SCREW4_1", 883.33, 41.87, "T", "DIP", "SCREW4_1", "", "C", 126, 126, 126, 0],
		[44, "SCREW4_1", 883.33, 41.87, "B", "DIP", "SCREW4_1", "", "C", 126, 126, 126, 0],
		[45, "SCREW5_1", -297.78, 41.87, "T", "DIP", "SCREW5_1", "", "C", 126, 126, 126, 0],
		[46, "SCREW5_1", -297.78, 41.87, "B", "DIP", "SCREW5_1", "", "C", 126, 126, 126, 0],
		[47, "SCREW6_1", 292.78, 41.87, "T", "DIP", "SCREW6_1", "", "C", 126, 126, 126, 0],
		[48, "SCREW6_1", 292.78, 41.87, "B", "DIP", "SCREW6_1", "", "C", 126, 126, 126, 0]
	]
}
}