{
"lengthUnit": "mil",
"components": {
	"fields": ["COMPONENT_NO", "COMPONENT_NAME", "LAYER", "X_COORDINATE", "Y_COORDINATE", "ANGLE"],
	"rows": [
		[1, "0", "B", 393.7, 1259.84, 270],
		[2, "1", "B", 1315, 880, 180],
		[3, "1K1", "B", 1605, 955, 180],
		[4, "1K2", "B", 1605, 1100, 180],
		[5, "1.2K1", "B", 1085, 1070, 270],
		[6, "4", "B", 393.7, -629.92, 270],
		[7, "5", "B", 393.7, -1259.84, 270],
		[8, "12", "B", 393.7, 0, 270],
		[9, "14", "B", 393.7, 629.92, 270],
		[10, "22", "B", -1020, -610, 0],
		[11, "50K1", "B", -1347.05, 488.18, 0],
		[12, "106", "B", 1325, 1225, 180],
		[13, "200K1", "B", -1343.66, 638.18, 0],
		[14, "%E7%94%B5%E5%AE%B91", "B", -1380, 980, 270],
		[15, "%E7%94%B5%E5%AE%B92", "B", -1405, -1080, 270],
		[16, "%E8%9C%82%E9%B8%A3%E5%99%A8%E6%94%BE%E5%A4%A7%E7%94%A81", "B", -1240, -575, 0],
		[17, "AMS1117", "B", -1090, 640, 0],
		[18, "BUZZER2", "B", -1565, -700, 90],
		[19, "ESP12S1", "B", -1190, 0, 270],
		[20, "GREEN1", "B", 1780, 1100, 0],
		[21, "GV1", "B", 805, 425, 180],
		[22, "GVTRO1", "B", -1672.43, 716.44, 90],
		[23, "H1", "B", 1805, -60, 90],
		[24, "LED1", "B", -551.18, 1259.84, 180],
		[25, "LED2", "B", -551.18, 629.92, 180],
		[26, "LED3", "B", -551.18, 0, 180],
		[27, "LED4", "B", -551.18, -629.92, 180],
		[28, "LED5", "B", -551.18, -1259.84, 180],
		[29, "RED1", "B", 1780, 955, 0],
		[30, "TP4056", "B", 1312.94, 1055.2, 90],
		[31, "USB1", "T", 0, -78.74, 0],
		[32, "USB2", "T", 0, -708.66, 0],
		[33, "USB3", "T", 0, -1338.58, 0],
		[34, "USB4", "T", 0, 551.18, 0],
		[35, "USB5", "T", 0, 1181.1, 0],
		[36, "USB7", "B", 1740, 645, 270]
	]
},
"pins": {
	"fields": ["PIN_NO", "PIN_NAME", "PIN_X", "PIN_Y", "LAYER", "PIN_TYPE", "NET_NAME", "NET_TYPE", "PAD_SHAPE", "PAD_SIZEX", "PAD_SIZEY", "HOLE_SIZE", "PAD_ANGLE"],
	"rows": [
		[1, "0_1", 305.12, 1438.97, "B", "SMD", "IO0", "", "R", 90.55, 59.05, 0, 270],
		[2, "0_2", 305.13, 1080.71, "B", "SMD", "0_2", "", "R", 90.55, 59.05, 0, 270],
		[3, "0_3", 482.29, 1438.97, "B", "SMD", "0_3", "", "R", 90.55, 59.05, 0, 270],
		[4, "0_4", 482.29, 1080.71, "B", "SMD", "GND", "GND", "R", 90.55, 59.05, 0, 270],
		[5, "1_1", 1354.37, 880, "B", "SMD", "5V", "", "R", 55.51, 53.15, 0, 180],
		[6, "1_2", 1275.63, 880, "B", "SMD", "GND", "GND", "R", 55.51, 53.15, 0, 180],
		[7, "1K1_1", 1644.37, 955, "B", "SMD", "$1N2959", "", "R", 44.59, 54.21, 0, 180],
		[8, "1K1_2", 1565.63, 955, "B", "SMD", "$1N2961", "", "R", 44.59, 54.21, 0, 180],
		[9, "1K2_1", 1644.37, 1100, "B", "SMD", "$1N2960", "", "R", 44.59, 54.21, 0, 180],
		[10, "1K2_2", 1565.63, 1100, "B", "SMD", "$1N2962", "", "R", 44.59, 54.21, 0, 180],
		[11, "1.2K1_1", 1085, 1109.37, "B", "SMD", "GND", "GND", "R", 44.59, 54.21, 0, 270],
		[12, "1.2K1_2", 1085, 1030.63, "B", "SMD", "$1N2956", "", "R", 44.59, 54.21, 0, 270],
		[13, "4_1", 305.12, -450.79, "B", "SMD", "IO4", "", "R", 90.55, 59.05, 0, 270],
		[14, "4_2", 305.13, -809.05, "B", "SMD", "4_2", "", "R", 90.55, 59.05, 0, 270],
		[15, "4_3", 482.29, -450.79, "B", "SMD", "4_3", "", "R", 90.55, 59.05, 0, 270],
		[16, "4_4", 482.29, -809.05, "B", "SMD", "GND", "GND", "R", 90.55, 59.05, 0, 270],
		[17, "5_1", 305.12, -1080.71, "B", "SMD", "IO5", "", "R", 90.55, 59.05, 0, 270],
		[18, "5_2", 305.13, -1438.97, "B", "SMD", "5_2", "", "R", 90.55, 59.05, 0, 270],
		[19, "5_3", 482.29, -1080.71, "B", "SMD", "5_3", "", "R", 90.55, 59.05, 0, 270],
		[20, "5_4", 482.29, -1438.97, "B", "SMD", "GND", "GND", "R", 90.55, 59.05, 0, 270],
		[21, "12_1", 305.12, 179.13, "B", "SMD", "IO12", "", "R", 90.55, 59.05, 0, 270],
		[22, "12_2", 305.13, -179.13, "B", "SMD", "12_2", "", "R", 90.55, 59.05, 0, 270],
		[23, "12_3", 482.29, 179.13, "B", "SMD", "12_3", "", "R", 90.55, 59.05, 0, 270],
		[24, "12_4", 482.29, -179.13, "B", "SMD", "GND", "GND", "R", 90.55, 59.05, 0, 270],
		[25, "14_1", 305.12, 809.05, "B", "SMD", "IO14", "", "R", 90.55, 59.05, 0, 270],
		[26, "14_2", 305.13, 450.79, "B", "SMD", "14_2", "", "R", 90.55, 59.05, 0, 270],
		[27, "14_3", 482.29, 809.05, "B", "SMD", "14_3", "", "R", 90.55, 59.05, 0, 270],
		[28, "14_4", 482.29, 450.79, "B", "SMD", "GND", "GND", "R", 90.55, 59.05, 0, 270],
		[29, "22_1", -1059.37, -610, "B", "SMD", "$1N2950", "", "R", 44.59, 54.21, 0, 0],
		[30, "22_2", -980.63, -610, "B", "SMD", "GND", "GND", "R", 44.59, 54.21, 0, 0],
		[31, "50K1_1", -1386.42, 488.18, "B", "SMD", "ADC", "", "R", 44.59, 54.21, 0, 0],
		[32, "50K1_2", -1307.68, 488.18, "B", "SMD", "GND", "GND", "R", 44.59, 54.21, 0, 0],
		[33, "106_1", 1364.37, 1225, "B", "SMD", "BAT+", "", "R", 55.51, 53.15, 0, 180],
		[34, "106_2", 1285.63, 1225, "B", "SMD", "GND", "GND", "R", 55.51, 53.15, 0, 180],
		[35, "200K1_1", -1383.03, 638.18, "B", "SMD", "ADC", "", "R", 44.59, 54.21, 0, 0],
		[36, "200K1_2", -1304.29, 638.18, "B", "SMD", "BAT", "", "R", 44.59, 54.21, 0, 0],
		[37, "%25E7%2594%25B5%25E5%25AE%25B91_1", -1380, 1019.4, "T", "DIP", "BAT", "", "C", 43.3, 43.3, 27.6, 270],
		[38, "%25E7%2594%25B5%25E5%25AE%25B91_1", -1380, 1019.4, "B", "DIP", "BAT", "", "C", 43.3, 43.3, 27.6, 270],
		[39, "%25E7%2594%25B5%25E5%25AE%25B91_2", -1380, 940.6, "T", "DIP", "GND", "GND", "C", 43.3, 43.3, 27.6, 270],
		[40, "%25E7%2594%25B5%25E5%25AE%25B91_2", -1380, 940.6, "B", "DIP", "GND", "GND", "C", 43.3, 43.3, 27.6, 270],
		[41, "%25E7%2594%25B5%25E5%25AE%25B92_1", -1405, -1040.6, "T", "DIP", "BAT", "", "C", 43.3, 43.3, 27.6, 270],
		[42, "%25E7%2594%25B5%25E5%25AE%25B92_1", -1405, -1040.6, "B", "DIP", "BAT", "", "C", 43.3, 43.3, 27.6, 270],
		[43, "%25E7%2594%25B5%25E5%25AE%25B92_2", -1405, -1119.4, "T", "DIP", "GND", "GND", "C", 43.3, 43.3, 27.6, 270],
		[44, "%25E7%2594%25B5%25E5%25AE%25B92_2", -1405, -1119.4, "B", "DIP", "GND", "GND", "C", 43.3, 43.3, 27.6, 270],
		[45, "%25E8%259C%2582%25E9%25B8%25A3%25E5%2599%25A8%25E6%2594%25BE%25E5%25A4%25A7%25E7%2594%25A81_1", -1194.72, -537.6, "B", "SMD", "IO15", "", "R", 39.37, 31.5, 0, 180],
		[46, "%25E8%259C%2582%25E9%25B8%25A3%25E5%2599%25A8%25E6%2594%25BE%25E5%25A4%25A7%25E7%2594%25A81_2", -1194.72, -612.4, "B", "SMD", "$1N2950", "", "R", 39.37, 31.5, 0, 180],
		[47, "%25E8%259C%2582%25E9%25B8%25A3%25E5%2599%25A8%25E6%2594%25BE%25E5%25A4%25A7%25E7%2594%25A81_3", -1285.28, -575, "B", "SMD", "$1N2998", "", "R", 39.37, 31.5, 0, 180],
		[48, "AMS1117_1", -973.07, 730.55, "B", "SMD", "GND", "GND", "R", 98.42, 43.31, 0, 0],
		[49, "AMS1117_2", -973.07, 640, "B", "SMD", "3.3V", "", "R", 98.42, 43.31, 0, 0],
		[50, "AMS1117_3", -973.07, 549.45, "B", "SMD", "BAT", "", "R", 98.42, 43.31, 0, 0],
		[51, "AMS1117_4", -1206.93, 640, "B", "SMD", "AMS1117_4", "", "R", 92.13, 141.73, 0, 0],
		[52, "BUZZER2_1", -1706.73, -558.27, "B", "SMD", "BAT", "", "R", 78.74, 78.74, 0, 90],
		[53, "BUZZER2_2", -1706.73, -841.73, "B", "SMD", "BUZZER2_2", "", "R", 78.74, 78.74, 0, 90],
		[54, "BUZZER2_3", -1423.27, -841.73, "B", "SMD", "BUZZER2_3", "", "R", 78.74, 78.74, 0, 90],
		[55, "BUZZER2_4", -1423.28, -558.28, "B", "SMD", "$1N2998", "", "R", 78.74, 78.74, 0, 90],
		[56, "ESP12S1_1", -1465.59, 315.04, "B", "SMD", "RST", "", "R", 98.42, 43.31, 0, 270],
		[57, "ESP12S1_2", -1386.85, 315.01, "B", "SMD", "ADC", "", "R", 98.42, 43.31, 0, 270],
		[58, "ESP12S1_3", -1308.11, 314.97, "B", "SMD", "ESP12S1_3", "", "R", 98.42, 43.31, 0, 270],
		[59, "ESP12S1_4", -1229.37, 315.01, "B", "SMD", "IO16", "", "R", 98.42, 43.31, 0, 270],
		[60, "ESP12S1_5", -1150.63, 315.02, "B", "SMD", "IO14", "", "R", 98.42, 43.31, 0, 270],
		[61, "ESP12S1_6", -1071.89, 315.01, "B", "SMD", "IO12", "", "R", 98.42, 43.31, 0, 270],
		[62, "ESP12S1_7", -993.15, 315.04, "B", "SMD", "IO13", "", "R", 98.42, 43.31, 0, 270],
		[63, "ESP12S1_8", -914.41, 315, "B", "SMD", "3.3V", "", "R", 98.42, 43.31, 0, 270],
		[64, "ESP12S1_9", -914.41, -314.98, "B", "SMD", "GND", "GND", "R", 98.42, 43.31, 0, 270],
		[65, "ESP12S1_10", -993.15, -314.96, "B", "SMD", "IO15", "", "R", 98.42, 43.31, 0, 270],
		[66, "ESP12S1_11", -1071.89, -315, "B", "SMD", "IO2", "", "R", 98.42, 43.31, 0, 270],
		[67, "ESP12S1_12", -1150.63, -314.97, "B", "SMD", "IO0", "", "R", 98.42, 43.31, 0, 270],
		[68, "ESP12S1_13", -1229.37, -315, "B", "SMD", "IO4", "", "R", 98.42, 43.31, 0, 270],
		[69, "ESP12S1_14", -1308.11, -315.04, "B", "SMD", "IO5", "", "R", 98.42, 43.31, 0, 270],
		[70, "ESP12S1_15", -1386.85, -314.98, "B", "SMD", "RXD", "", "R", 98.42, 43.31, 0, 270],
		[71, "ESP12S1_16", -1465.59, -314.96, "B", "SMD", "TXD", "", "R", 98.42, 43.31, 0, 270],
		[72, "ESP12S1_17", -1280.57, -7.88, "B", "SMD", "ESP12S1_17", "", "R", 125.98, 125.98, 0, 270],
		[73, "GREEN1_1", 1736.69, 1100, "B", "SMD", "$1N2960", "", "R", 39.37, 49.21, 0, 180],
		[74, "GREEN1_2", 1823.31, 1100, "B", "SMD", "5V", "", "R", 39.37, 49.21, 0, 180],
		[75, "GV1_1", 855, 425, "T", "DIP", "GND", "GND", "R", 70.87, 70.87, 39.37, 180],
		[76, "GV1_1", 855, 425, "B", "DIP", "GND", "GND", "R", 70.87, 70.87, 39.37, 180],
		[77, "GV1_2", 755, 425, "T", "DIP", "BAT+", "", "C", 70.87, 70.87, 39.37, 180],
		[78, "GV1_2", 755, 425, "B", "DIP", "BAT+", "", "C", 70.87, 70.87, 39.37, 180],
		[79, "GVTRO1_1", -1672.43, 466.44, "T", "DIP", "GND", "GND", "R", 70.9, 70.9, 47.2, 90],
		[80, "GVTRO1_1", -1672.43, 466.44, "B", "DIP", "GND", "GND", "R", 70.9, 70.9, 47.2, 90],
		[81, "GVTRO1_2", -1672.43, 566.44, "T", "DIP", "BAT", "", "C", 70.9, 70.9, 47.2, 90],
		[82, "GVTRO1_2", -1672.43, 566.44, "B", "DIP", "BAT", "", "C", 70.9, 70.9, 47.2, 90],
		[83, "GVTRO1_3", -1672.43, 666.44, "T", "DIP", "TXD", "", "C", 70.9, 70.9, 47.2, 90],
		[84, "GVTRO1_3", -1672.43, 666.44, "B", "DIP", "TXD", "", "C", 70.9, 70.9, 47.2, 90],
		[85, "GVTRO1_4", -1672.43, 766.44, "T", "DIP", "RXD", "", "C", 70.9, 70.9, 47.2, 90],
		[86, "GVTRO1_4", -1672.43, 766.44, "B", "DIP", "RXD", "", "C", 70.9, 70.9, 47.2, 90],
		[87, "GVTRO1_5", -1672.43, 866.44, "T", "DIP", "IO0", "", "C", 70.9, 70.9, 47.2, 90],
		[88, "GVTRO1_5", -1672.43, 866.44, "B", "DIP", "IO0", "", "C", 70.9, 70.9, 47.2, 90],
		[89, "GVTRO1_6", -1672.43, 966.44, "T", "DIP", "RST", "", "C", 70.9, 70.9, 47.2, 90],
		[90, "GVTRO1_6", -1672.43, 966.44, "B", "DIP", "RST", "", "C", 70.9, 70.9, 47.2, 90],
		[91, "H1_1", 1805, -160, "T", "DIP", "BAT+", "", "R", 66.93, 66.93, 43.31, 90],
		[92, "H1_1", 1805, -160, "B", "DIP", "BAT+", "", "R", 66.93, 66.93, 43.31, 90],
		[93, "H1_2", 1805, -60, "T", "DIP", "BAT", "", "C", 66.93, 66.93, 43.31, 90],
		[94, "H1_2", 1805, -60, "B", "DIP", "BAT", "", "C", 66.93, 66.93, 43.31, 90],
		[95, "H1_3", 1805, 40, "T", "DIP", "H1_3", "", "C", 66.93, 66.93, 43.31, 90],
		[96, "H1_3", 1805, 40, "B", "DIP", "H1_3", "", "C", 66.93, 66.93, 43.31, 90],
		[97, "LED1_1", -456.69, 1322.83, "B", "SMD", "BAT", "", "R", 47.24, 33.47, 0, 180],
		[98, "LED1_2", -456.69, 1196.85, "B", "SMD", "$1N2925", "", "R", 47.24, 33.47, 0, 180],
		[99, "LED1_3", -645.67, 1322.83, "B", "SMD", "IO13", "", "R", 47.24, 33.47, 0, 180],
		[100, "LED1_4", -645.67, 1196.85, "B", "SMD", "GND", "GND", "R", 47.24, 33.47, 0, 180],
		[101, "LED2_1", -456.69, 692.91, "B", "SMD", "BAT", "", "R", 47.24, 33.47, 0, 180],
		[102, "LED2_2", -456.69, 566.93, "B", "SMD", "$1N2926", "", "R", 47.24, 33.47, 0, 180],
		[103, "LED2_3", -645.67, 692.91, "B", "SMD", "$1N2925", "", "R", 47.24, 33.47, 0, 180],
		[104, "LED2_4", -645.67, 566.93, "B", "SMD", "GND", "GND", "R", 47.24, 33.47, 0, 180],
		[105, "LED3_1", -456.69, 62.99, "B", "SMD", "BAT", "", "R", 47.24, 33.47, 0, 180],
		[106, "LED3_2", -456.69, -62.99, "B", "SMD", "$1N2927", "", "R", 47.24, 33.47, 0, 180],
		[107, "LED3_3", -645.67, 62.99, "B", "SMD", "$1N2926", "", "R", 47.24, 33.47, 0, 180],
		[108, "LED3_4", -645.67, -62.99, "B", "SMD", "GND", "GND", "R", 47.24, 33.47, 0, 180],
		[109, "LED4_1", -456.69, -566.93, "B", "SMD", "BAT", "", "R", 47.24, 33.47, 0, 180],
		[110, "LED4_2", -456.69, -692.91, "B", "SMD", "$1N2928", "", "R", 47.24, 33.47, 0, 180],
		[111, "LED4_3", -645.67, -566.93, "B", "SMD", "$1N2927", "", "R", 47.24, 33.47, 0, 180],
		[112, "LED4_4", -645.67, -692.91, "B", "SMD", "GND", "GND", "R", 47.24, 33.47, 0, 180],
		[113, "LED5_1", -456.69, -1196.85, "B", "SMD", "BAT", "", "R", 47.24, 33.47, 0, 180],
		[114, "LED5_2", -456.69, -1322.83, "B", "SMD", "D5", "", "R", 47.24, 33.47, 0, 180],
		[115, "LED5_3", -645.67, -1196.85, "B", "SMD", "$1N2928", "", "R", 47.24, 33.47, 0, 180],
		[116, "LED5_4", -645.67, -1322.83, "B", "SMD", "GND", "GND", "R", 47.24, 33.47, 0, 180],
		[117, "RED1_1", 1736.69, 955, "B", "SMD", "$1N2959", "", "R", 39.37, 49.21, 0, 180],
		[118, "RED1_2", 1823.31, 955, "B", "SMD", "5V", "", "R", 39.37, 49.21, 0, 180],
		[119, "TP4056_1", 1198.44, 980.2, "B", "SMD", "GND", "GND", "R", 23.62, 47.24, 0, 90],
		[120, "TP4056_2", 1198.44, 1030.2, "B", "SMD", "$1N2956", "", "R", 23.62, 47.24, 0, 90],
		[121, "TP4056_3", 1198.44, 1080.2, "B", "SMD", "GND", "GND", "R", 23.62, 47.24, 0, 90],
		[122, "TP4056_4", 1198.44, 1130.2, "B", "SMD", "5V", "", "R", 23.62, 47.24, 0, 90],
		[123, "TP4056_5", 1427.44, 1130.2, "B", "SMD", "BAT+", "", "R", 23.62, 47.24, 0, 90],
		[124, "TP4056_6", 1427.44, 1080.2, "B", "SMD", "$1N2962", "", "R", 23.62, 47.24, 0, 90],
		[125, "TP4056_7", 1427.44, 1030.2, "B", "SMD", "$1N2961", "", "R", 23.62, 47.24, 0, 90],
		[126, "TP4056_8", 1427.44, 980.2, "B", "SMD", "5V", "", "R", 23.62, 47.24, 0, 90],
		[127, "TP4056_9", 1312.94, 1055.2, "B", "SMD", "TP4056_9", "", "R", 129.92, 94.49, 0, 270],
		[128, "USB1_1", -159.89, -78.75, "T", "DIP", "GND", "GND", "O", 39.37, 82.68, 70.87, 0],
		[129, "USB1_1", -159.89, -78.75, "B", "DIP", "GND", "GND", "O", 39.37, 82.68, 70.87, 0],
		[130, "USB1_2", 157.87, -78.74, "T", "DIP", "GND", "GND", "O", 39.37, 82.68, 70.87, 0],
		[131, "USB1_2", 157.87, -78.74, "B", "DIP", "GND", "GND", "O", 39.37, 82.68, 70.87, 0],
		[132, "USB1_A1", -111.3, -124.02, "T", "SMD", "GND", "GND", "R", 18.11, 39.37, 0, 0],
		[133, "USB1_A12", 109.17, -124.02, "T", "SMD", "GND", "GND", "R", 18.11, 39.37, 0, 0],
		[134, "USB1_A4", -79.8, -124.02, "T", "SMD", "5V", "", "R", 18.11, 39.37, 0, 0],
		[135, "USB1_A5", -48.31, -124.02, "T", "SMD", "USB1_A5", "", "R", 18.11, 39.37, 0, 0],
		[136, "USB1_A6", -16.81, -124.02, "T", "SMD", "USB1_A6", "", "R", 18.11, 39.37, 0, 0],
		[137, "USB1_A7", 14.68, -124.02, "T", "SMD", "USB1_A7", "", "R", 18.11, 39.37, 0, 0],
		[138, "USB1_A8", 46.18, -124.02, "T", "SMD", "USB1_A8", "", "R", 18.11, 39.37, 0, 0],
		[139, "USB1_A9", 77.68, -124.02, "T", "SMD", "5V", "", "R", 18.11, 39.37, 0, 0],
		[140, "USB1_B1", 109.17, -33.47, "T", "SMD", "GND", "GND", "R", 18.11, 39.37, 0, 0],
		[141, "USB1_B12", -111.3, -33.47, "T", "SMD", "GND", "GND", "R", 18.11, 39.37, 0, 0],
		[142, "USB1_B4", 77.68, -33.47, "T", "SMD", "5V", "", "R", 18.11, 39.37, 0, 0],
		[143, "USB1_B5", 46.18, -33.47, "T", "SMD", "USB1_B5", "", "R", 18.11, 39.37, 0, 0],
		[144, "USB1_B6", 14.68, -33.47, "T", "SMD", "USB1_B6", "", "R", 18.11, 39.37, 0, 0],
		[145, "USB1_B7", -16.81, -33.47, "T", "SMD", "USB1_B7", "", "R", 18.11, 39.37, 0, 0],
		[146, "USB1_B8", -48.31, -33.47, "T", "SMD", "USB1_B8", "", "R", 18.11, 39.37, 0, 0],
		[147, "USB1_B9", -79.8, -33.47, "T", "SMD", "5V", "", "R", 18.11, 39.37, 0, 0],
		[148, "USB2_1", -159.89, -708.67, "T", "DIP", "GND", "GND", "O", 39.37, 82.68, 70.87, 0],
		[149, "USB2_1", -159.89, -708.67, "B", "DIP", "GND", "GND", "O", 39.37, 82.68, 70.87, 0],
		[150, "USB2_2", 157.87, -708.67, "T", "DIP", "GND", "GND", "O", 39.37, 82.68, 70.87, 0],
		[151, "USB2_2", 157.87, -708.67, "B", "DIP", "GND", "GND", "O", 39.37, 82.68, 70.87, 0],
		[152, "USB2_A1", -111.3, -753.94, "T", "SMD", "GND", "GND", "R", 18.11, 39.37, 0, 0],
		[153, "USB2_A12", 109.17, -753.94, "T", "SMD", "GND", "GND", "R", 18.11, 39.37, 0, 0],
		[154, "USB2_A4", -79.8, -753.94, "T", "SMD", "5V", "", "R", 18.11, 39.37, 0, 0],
		[155, "USB2_A5", -48.31, -753.94, "T", "SMD", "USB2_A5", "", "R", 18.11, 39.37, 0, 0],
		[156, "USB2_A6", -16.81, -753.94, "T", "SMD", "USB2_A6", "", "R", 18.11, 39.37, 0, 0],
		[157, "USB2_A7", 14.68, -753.94, "T", "SMD", "USB2_A7", "", "R", 18.11, 39.37, 0, 0],
		[158, "USB2_A8", 46.18, -753.94, "T", "SMD", "USB2_A8", "", "R", 18.11, 39.37, 0, 0],
		[159, "USB2_A9", 77.68, -753.94, "T", "SMD", "5V", "", "R", 18.11, 39.37, 0, 0],
		[160, "USB2_B1", 109.17, -663.39, "T", "SMD", "GND", "GND", "R", 18.11, 39.37, 0, 0],
		[161, "USB2_B12", -111.3, -663.39, "T", "SMD", "GND", "GND", "R", 18.11, 39.37, 0, 0],
		[162, "USB2_B4", 77.68, -663.39, "T", "SMD", "5V", "", "R", 18.11, 39.37, 0, 0],
		[163, "USB2_B5", 46.18, -663.39, "T", "SMD", "USB2_B5", "", "R", 18.11, 39.37, 0, 0],
		[164, "USB2_B6", 14.68, -663.39, "T", "SMD", "USB2_B6", "", "R", 18.11, 39.37, 0, 0],
		[165, "USB2_B7", -16.81, -663.39, "T", "SMD", "USB2_B7", "", "R", 18.11, 39.37, 0, 0],
		[166, "USB2_B8", -48.31, -663.39, "T", "SMD", "USB2_B8", "", "R", 18.11, 39.37, 0, 0],
		[167, "USB2_B9", -79.8, -663.39, "T", "SMD", "5V", "", "R", 18.11, 39.37, 0, 0],
		[168, "USB3_1", -159.89, -1338.59, "T", "DIP", "GND", "GND", "O", 39.37, 82.68, 70.87, 0],
		[169, "USB3_1", -159.89, -1338.59, "B", "DIP", "GND", "GND", "O", 39.37, 82.68, 70.87, 0],
		[170, "USB3_2", 157.87, -1338.59, "T", "DIP", "GND", "GND", "O", 39.37, 82.68, 70.87, 0],
		[171, "USB3_2", 157.87, -1338.59, "B", "DIP", "GND", "GND", "O", 39.37, 82.68, 70.87, 0],
		[172, "USB3_A1", -111.3, -1383.86, "T", "SMD", "GND", "GND", "R", 18.11, 39.37, 0, 0],
		[173, "USB3_A12", 109.17, -1383.86, "T", "SMD", "GND", "GND", "R", 18.11, 39.37, 0, 0],
		[174, "USB3_A4", -79.8, -1383.86, "T", "SMD", "5V", "", "R", 18.11, 39.37, 0, 0],
		[175, "USB3_A5", -48.31, -1383.86, "T", "SMD", "USB3_A5", "", "R", 18.11, 39.37, 0, 0],
		[176, "USB3_A6", -16.81, -1383.86, "T", "SMD", "USB3_A6", "", "R", 18.11, 39.37, 0, 0],
		[177, "USB3_A7", 14.68, -1383.86, "T", "SMD", "USB3_A7", "", "R", 18.11, 39.37, 0, 0],
		[178, "USB3_A8", 46.18, -1383.86, "T", "SMD", "USB3_A8", "", "R", 18.11, 39.37, 0, 0],
		[179, "USB3_A9", 77.68, -1383.86, "T", "SMD", "5V", "", "R", 18.11, 39.37, 0, 0],
		[180, "USB3_B1", 109.17, -1293.31, "T", "SMD", "GND", "GND", "R", 18.11, 39.37, 0, 0],
		[181, "USB3_B12", -111.3, -1293.31, "T", "SMD", "GND", "GND", "R", 18.11, 39.37, 0, 0],
		[182, "USB3_B4", 77.68, -1293.31, "T", "SMD", "5V", "", "R", 18.11, 39.37, 0, 0],
		[183, "USB3_B5", 46.18, -1293.31, "T", "SMD", "USB3_B5", "", "R", 18.11, 39.37, 0, 0],
		[184, "USB3_B6", 14.68, -1293.31, "T", "SMD", "USB3_B6", "", "R", 18.11, 39.37, 0, 0],
		[185, "USB3_B7", -16.81, -1293.31, "T", "SMD", "USB3_B7", "", "R", 18.11, 39.37, 0, 0],
		[186, "USB3_B8", -48.31, -1293.31, "T", "SMD", "USB3_B8", "", "R", 18.11, 39.37, 0, 0],
		[187, "USB3_B9", -79.8, -1293.31, "T", "SMD", "5V", "", "R", 18.11, 39.37, 0, 0],
		[188, "USB4_1", -159.89, 551.17, "T", "DIP", "GND", "GND", "O", 39.37, 82.68, 70.87, 0],
		[189, "USB4_1", -159.89, 551.17, "B", "DIP", "GND", "GND", "O", 39.37, 82.68, 70.87, 0],
		[190, "USB4_2", 157.87, 551.18, "T", "DIP", "GND", "GND", "O", 39.37, 82.68, 70.87, 0],
		[191, "USB4_2", 157.87, 551.18, "B", "DIP", "GND", "GND", "O", 39.37, 82.68, 70.87, 0],
		[192, "USB4_A1", -111.3, 505.91, "T", "SMD", "GND", "GND", "R", 18.11, 39.37, 0, 0],
		[193, "USB4_A12", 109.17, 505.91, "T", "SMD", "GND", "GND", "R", 18.11, 39.37, 0, 0],
		[194, "USB4_A4", -79.8, 505.91, "T", "SMD", "5V", "", "R", 18.11, 39.37, 0, 0],
		[195, "USB4_A5", -48.31, 505.91, "T", "SMD", "USB4_A5", "", "R", 18.11, 39.37, 0, 0],
		[196, "USB4_A6", -16.81, 505.91, "T", "SMD", "USB4_A6", "", "R", 18.11, 39.37, 0, 0],
		[197, "USB4_A7", 14.68, 505.91, "T", "SMD", "USB4_A7", "", "R", 18.11, 39.37, 0, 0],
		[198, "USB4_A8", 46.18, 505.91, "T", "SMD", "USB4_A8", "", "R", 18.11, 39.37, 0, 0],
		[199, "USB4_A9", 77.68, 505.91, "T", "SMD", "5V", "", "R", 18.11, 39.37, 0, 0],
		[200, "USB4_B1", 109.17, 596.46, "T", "SMD", "GND", "GND", "R", 18.11, 39.37, 0, 0],
		[201, "USB4_B12", -111.3, 596.46, "T", "SMD", "GND", "GND", "R", 18.11, 39.37, 0, 0],
		[202, "USB4_B4", 77.68, 596.46, "T", "SMD", "5V", "", "R", 18.11, 39.37, 0, 0],
		[203, "USB4_B5", 46.18, 596.46, "T", "SMD", "USB4_B5", "", "R", 18.11, 39.37, 0, 0],
		[204, "USB4_B6", 14.68, 596.46, "T", "SMD", "USB4_B6", "", "R", 18.11, 39.37, 0, 0],
		[205, "USB4_B7", -16.81, 596.46, "T", "SMD", "USB4_B7", "", "R", 18.11, 39.37, 0, 0],
		[206, "USB4_B8", -48.31, 596.46, "T", "SMD", "USB4_B8", "", "R", 18.11, 39.37, 0, 0],
		[207, "USB4_B9", -79.8, 596.46, "T", "SMD", "5V", "", "R", 18.11, 39.37, 0, 0],
		[208, "USB5_1", -159.89, 1181.09, "T", "DIP", "GND", "GND", "O", 39.37, 82.68, 70.87, 0],
		[209, "USB5_1", -159.89, 1181.09, "B", "DIP", "GND", "GND", "O", 39.37, 82.68, 70.87, 0],
		[210, "USB5_2", 157.87, 1181.1, "T", "DIP", "GND", "GND", "O", 39.37, 82.68, 70.87, 0],
		[211, "USB5_2", 157.87, 1181.1, "B", "DIP", "GND", "GND", "O", 39.37, 82.68, 70.87, 0],
		[212, "USB5_A1", -111.3, 1135.83, "T", "SMD", "GND", "GND", "R", 18.11, 39.37, 0, 0],
		[213, "USB5_A12", 109.17, 1135.83, "T", "SMD", "GND", "GND", "R", 18.11, 39.37, 0, 0],
		[214, "USB5_A4", -79.8, 1135.83, "T", "SMD", "5V", "", "R", 18.11, 39.37, 0, 0],
		[215, "USB5_A5", -48.31, 1135.83, "T", "SMD", "USB5_A5", "", "R", 18.11, 39.37, 0, 0],
		[216, "USB5_A6", -16.81, 1135.83, "T", "SMD", "USB5_A6", "", "R", 18.11, 39.37, 0, 0],
		[217, "USB5_A7", 14.68, 1135.83, "T", "SMD", "USB5_A7", "", "R", 18.11, 39.37, 0, 0],
		[218, "USB5_A8", 46.18, 1135.83, "T", "SMD", "USB5_A8", "", "R", 18.11, 39.37, 0, 0],
		[219, "USB5_A9", 77.68, 1135.83, "T", "SMD", "5V", "", "R", 18.11, 39.37, 0, 0],
		[220, "USB5_B1", 109.17, 1226.38, "T", "SMD", "GND", "GND", "R", 18.11, 39.37, 0, 0],
		[221, "USB5_B12", -111.3, 1226.38, "T", "SMD", "GND", "GND", "R", 18.11, 39.37, 0, 0],
		[222, "USB5_B4", 77.68, 1226.38, "T", "SMD", "5V", "", "R", 18.11, 39.37, 0, 0],
		[223, "USB5_B5", 46.18, 1226.38, "T", "SMD", "USB5_B5", "", "R", 18.11, 39.37, 0, 0],
		[224, "USB5_B6", 14.68, 1226.38, "T", "SMD", "USB5_B6", "", "R", 18.11, 39.37, 0, 0],
		[225, "USB5_B7", -16.81, 1226.38, "T", "SMD", "USB5_B7", "", "R", 18.11, 39.37, 0, 0],
		[226, "USB5_B8", -48.31, 1226.38, "T", "SMD", "USB5_B8", "", "R", 18.11, 39.37, 0, 0],
		[227, "USB5_B9", -79.8, 1226.38, "T", "SMD", "5V", "", "R", 18.11, 39.37, 0, 0],
		[228, "USB7_1", 1667.16, 715.87, "T", "DIP", "5V", "", "O", 39.37, 60, 39.37, 0],
		[229, "USB7_1", 1667.16, 715.87, "B", "DIP", "5V", "", "O", 39.37, 60, 39.37, 0],
		[230, "USB7_2", 1667.16, 574.14, "T", "DIP", "GND", "GND", "O", 39.37, 60, 39.37, 0],
		[231, "USB7_2", 1667.16, 574.14, "B", "DIP", "GND", "GND", "O", 39.37, 60, 39.37, 0],
		[232, "USB7_3", 1812.84, 472.76, "T", "DIP", "USB7_3", "", "O", 39.37, 60, 43.31, 270],
		[233, "USB7_3", 1812.84, 472.76, "B", "DIP", "USB7_3", "", "O", 39.37, 60, 43.31, 270],
		[234, "USB7_4", 1812.84, 817.25, "T", "DIP", "USB7_4", "", "O", 39.37, 60, 43.31, 270],
		[235, "USB7_4", 1812.84, 817.25, "B", "DIP", "USB7_4", "", "O", 39.37, 60, 43.31, 270]
	]
}
}