{
"lengthUnit": "mil",
"components": {
	"fields": ["COMPONENT_NO", "COMPONENT_NAME", "LAYER", "X_COORDINATE", "Y_COORDINATE", "ANGLE"],
	"rows": [
		[1, "1K", "B", -57.21, 262.45, 90],
		[2, "2B2A1A1B", "T", -490, -491.73, 0],
		[3, "5vAMS", "T", -479.6, -215, 270],
		[4, "10k", "B", 107.43, 265.13, 270],
		[5, "10kN1", "B", 24.98, 264.54, 90],
		[6, "12G", "T", 545, -315, 90],
		[7, "22", "B", 220, 130, 180],
		[8, "100K1", "B", -193.31, 560.25, 180],
		[9, "200K1", "B", -193.31, 663.15, 180],
		[10, "%E5%BC%80%E5%85%B3", "T", -50, -600, 270],
		[11, "%E7%83%AD%E6%95%8F%E7%94%B5%E9%98%BB1", "B", -390, 555, 180],
		[12, "%E8%9C%82%E9%B8%A3%E5%99%A8%E6%94%BE%E5%A4%A7%E7%94%A81", "B", 310, 0, 180],
		[13, "AMS1117", "T", -479.6, 220, 270],
		[14, "BUZZER2", "B", 255, 590, 180],
		[15, "DC1", "T", 305, -392.06, 90],
		[16, "ESP12", "T", 155, 165, 0],
		[17, "GVTRO", "T", 539.91, 327.17, 270],
		[18, "M1", "T", -480, 9.62, 180],
		[19, "R3", "B", -385, -45, 0],
		[20, "R4", "B", -385, -240, 0],
		[21, "R5", "B", -385, -145, 0],
		[22, "R%EF%BC%9D%E5%8F%AF%E8%AE%8A/10", "B", -386.43, 666.4, 0],
		[23, "U1", "B", 0, 0, 180]
	]
},
"pins": {
	"fields": ["PIN_NO", "PIN_NAME", "PIN_X", "PIN_Y", "LAYER", "PIN_TYPE", "NET_NAME", "NET_TYPE", "PAD_SHAPE", "PAD_SIZEX", "PAD_SIZEY", "HOLE_SIZE", "PAD_ANGLE"],
	"rows": [
		[1, "1K_1", -57.21, 223.08, "B", "SMD", "$1N12455", "", "R", 44.59, 54.21, 0, 90],
		[2, "1K_2", -57.21, 301.82, "B", "SMD", "GND", "GND", "R", 44.59, 54.21, 0, 90],
		[3, "2B2A1A1B_1", -640, -491.73, "T", "DIP", "2B", "", "R", 66.93, 66.93, 43.31, 0],
		[4, "2B2A1A1B_1", -640, -491.73, "B", "DIP", "2B", "", "R", 66.93, 66.93, 43.31, 0],
		[5, "2B2A1A1B_2", -540, -491.73, "T", "DIP", "2A", "", "C", 66.93, 66.93, 43.31, 0],
		[6, "2B2A1A1B_2", -540, -491.73, "B", "DIP", "2A", "", "C", 66.93, 66.93, 43.31, 0],
		[7, "2B2A1A1B_3", -440, -491.73, "T", "DIP", "1A", "", "C", 66.93, 66.93, 43.31, 0],
		[8, "2B2A1A1B_3", -440, -491.73, "B", "DIP", "1A", "", "C", 66.93, 66.93, 43.31, 0],
		[9, "2B2A1A1B_4", -340, -491.73, "T", "DIP", "1B", "", "C", 66.93, 66.93, 43.31, 0],
		[10, "2B2A1A1B_4", -340, -491.73, "B", "DIP", "1B", "", "C", 66.93, 66.93, 43.31, 0],
		[11, "5vAMS_1", -570.15, -327.5, "T", "SMD", "GND", "GND", "R", 97.05, 41.34, 0, 270],
		[12, "5vAMS_2", -479.6, -327.5, "T", "SMD", "5V", "", "R", 97.05, 41.34, 0, 270],
		[13, "5vAMS_3", -389.05, -327.5, "T", "SMD", "12V", "", "R", 97.05, 41.34, 0, 270],
		[14, "5vAMS_4", -479.6, -102.5, "T", "SMD", "5vAMS_4", "", "R", 97.05, 139.37, 0, 270],
		[15, "10k_1", 107.43, 304.5, "B", "SMD", "3.3V", "", "R", 44.59, 54.21, 0, 270],
		[16, "10k_2", 107.43, 225.76, "B", "SMD", "IO5", "", "R", 44.59, 54.21, 0, 270],
		[17, "10kN1_1", 24.98, 225.17, "B", "SMD", "IO4", "", "R", 44.59, 54.21, 0, 90],
		[18, "10kN1_2", 24.98, 303.91, "B", "SMD", "3.3V", "", "R", 44.59, 54.21, 0, 90],
		[19, "12G_1", 545, -365, "T", "DIP", "12V", "", "R", 70.87, 70.87, 39.37, 90],
		[20, "12G_1", 545, -365, "B", "DIP", "12V", "", "R", 70.87, 70.87, 39.37, 90],
		[21, "12G_2", 545, -265, "T", "DIP", "GND", "GND", "C", 70.87, 70.87, 39.37, 90],
		[22, "12G_2", 545, -265, "B", "DIP", "GND", "GND", "C", 70.87, 70.87, 39.37, 90],
		[23, "22_1", 259.37, 130, "B", "SMD", "$1N14686", "", "R", 44.59, 54.21, 0, 180],
		[24, "22_2", 180.63, 130, "B", "SMD", "GND", "GND", "R", 44.59, 54.21, 0, 180],
		[25, "100K1_1", -153.94, 560.25, "B", "SMD", "ADC", "", "R", 44.59, 54.21, 0, 180],
		[26, "100K1_2", -232.68, 560.25, "B", "SMD", "GND", "GND", "R", 44.59, 54.21, 0, 180],
		[27, "200K1_1", -153.94, 663.15, "B", "SMD", "ADC", "", "R", 44.59, 54.21, 0, 180],
		[28, "200K1_2", -232.68, 663.15, "B", "SMD", "$1N11155", "", "R", 44.59, 54.21, 0, 180],
		[29, "%25E5%25BC%2580%25E5%2585%25B3_1", -50, -500, "T", "DIP", "$1N3892", "", "R", 66.93, 66.93, 43.31, 270],
		[30, "%25E5%25BC%2580%25E5%2585%25B3_1", -50, -500, "B", "DIP", "$1N3892", "", "R", 66.93, 66.93, 43.31, 270],
		[31, "%25E5%25BC%2580%25E5%2585%25B3_2", -50, -600, "T", "DIP", "12V", "", "C", 66.93, 66.93, 43.31, 270],
		[32, "%25E5%25BC%2580%25E5%2585%25B3_2", -50, -600, "B", "DIP", "12V", "", "C", 66.93, 66.93, 43.31, 270],
		[33, "%25E5%25BC%2580%25E5%2585%25B3_3", -50, -700, "T", "DIP", "12V", "", "C", 66.93, 66.93, 43.31, 270],
		[34, "%25E5%25BC%2580%25E5%2585%25B3_3", -50, -700, "B", "DIP", "12V", "", "C", 66.93, 66.93, 43.31, 270],
		[35, "%25E7%2583%25AD%25E6%2595%258F%25E7%2594%25B5%25E9%2598%25BB1_1", -350.63, 555, "B", "SMD", "$1N11155", "", "R", 44.59, 54.21, 0, 180],
		[36, "%25E7%2583%25AD%25E6%2595%258F%25E7%2594%25B5%25E9%2598%25BB1_2", -429.37, 555, "B", "SMD", "3.3V", "", "R", 44.59, 54.21, 0, 180],
		[37, "%25E8%259C%2582%25E9%25B8%25A3%25E5%2599%25A8%25E6%2594%25BE%25E5%25A4%25A7%25E7%2594%25A81_1", 264.72, -37.4, "B", "SMD", "IO15", "", "R", 39.37, 31.5, 0, 0],
		[38, "%25E8%259C%2582%25E9%25B8%25A3%25E5%2599%25A8%25E6%2594%25BE%25E5%25A4%25A7%25E7%2594%25A81_2", 264.72, 37.4, "B", "SMD", "$1N14686", "", "R", 39.37, 31.5, 0, 0],
		[39, "%25E8%259C%2582%25E9%25B8%25A3%25E5%2599%25A8%25E6%2594%25BE%25E5%25A4%25A7%25E7%2594%25A81_3", 355.28, 0, "B", "SMD", "$1N14690", "", "R", 39.37, 31.5, 0, 0],
		[40, "AMS1117_1", -570.1, 95, "T", "SMD", "GND", "GND", "R", 78.7, 47.2, 0, 90],
		[41, "AMS1117_2", -479.6, 95, "T", "SMD", "3.3V", "", "R", 78.7, 47.2, 0, 90],
		[42, "AMS1117_3", -389, 95, "T", "SMD", "5V", "", "R", 78.7, 47.2, 0, 90],
		[43, "AMS1117_4", -479.6, 345, "T", "SMD", "AMS1117_4", "", "R", 90.6, 149.6, 0, 90],
		[44, "BUZZER2_1", 113.27, 448.27, "B", "SMD", "5V", "", "R", 78.74, 78.74, 0, 180],
		[45, "BUZZER2_2", 396.73, 448.27, "B", "SMD", "BUZZER2_2", "", "R", 78.74, 78.74, 0, 180],
		[46, "BUZZER2_3", 396.73, 731.73, "B", "SMD", "BUZZER2_3", "", "R", 78.74, 78.74, 0, 180],
		[47, "BUZZER2_4", 113.28, 731.72, "B", "SMD", "$1N14690", "", "R", 78.74, 78.74, 0, 180],
		[48, "DC1_1", 212.41, -273.95, "T", "DIP", "$1N3892", "", "O", 165.35, 70.87, 137.79, 180],
		[49, "DC1_1", 212.41, -273.95, "B", "DIP", "$1N3892", "", "O", 165.35, 70.87, 137.79, 180],
		[50, "DC1_2", 212.42, -510.17, "T", "DIP", "GND", "GND", "O", 157.48, 70.87, 129.92, 0],
		[51, "DC1_2", 212.42, -510.17, "B", "DIP", "GND", "GND", "O", 157.48, 70.87, 129.92, 0],
		[52, "DC1_3", 397.58, -392.07, "T", "DIP", "GND", "GND", "O", 157.48, 70.87, 129.92, 90],
		[53, "DC1_3", 397.58, -392.07, "B", "DIP", "GND", "GND", "O", 157.48, 70.87, 129.92, 90],
		[54, "ESP12_1", -135, 440.6, "T", "SMD", "RST", "", "R", 50, 43.3, 0, 0],
		[55, "ESP12_2", -135, 361.8, "T", "SMD", "ADC", "", "R", 50, 43.3, 0, 0],
		[56, "ESP12_3", -135, 283.1, "T", "SMD", "ESP12_3", "", "R", 50, 43.3, 0, 0],
		[57, "ESP12_4", -135, 204.4, "T", "SMD", "RST", "", "R", 50, 43.3, 0, 0],
		[58, "ESP12_5", -135, 125.6, "T", "SMD", "IO14", "", "R", 50, 43.3, 0, 0],
		[59, "ESP12_6", -135, 46.9, "T", "SMD", "IO12", "", "R", 50, 43.3, 0, 0],
		[60, "ESP12_7", -135, -31.9, "T", "SMD", "IO13", "", "R", 50, 43.3, 0, 0],
		[61, "ESP12_8", -135, -110.6, "T", "SMD", "3.3V", "", "R", 50, 43.3, 0, 0],
		[62, "ESP12_9", 445, -110.6, "T", "SMD", "GND", "GND", "R", 50, 43.3, 0, 0],
		[63, "ESP12_10", 445, -31.9, "T", "SMD", "IO15", "", "R", 50, 43.3, 0, 0],
		[64, "ESP12_11", 445, 46.9, "T", "SMD", "IO2", "", "R", 50, 43.3, 0, 0],
		[65, "ESP12_12", 445, 125.6, "T", "SMD", "IO0", "", "R", 50, 43.3, 0, 0],
		[66, "ESP12_13", 445, 204.4, "T", "SMD", "IO4", "", "R", 50, 43.3, 0, 0],
		[67, "ESP12_14", 445, 283.1, "T", "SMD", "IO5", "", "R", 50, 43.3, 0, 0],
		[68, "ESP12_15", 445, 361.8, "T", "SMD", "RXD", "", "R", 50, 43.3, 0, 0],
		[69, "ESP12_16", 445, 440.6, "T", "SMD", "TXD", "", "R", 50, 43.3, 0, 0],
		[70, "ESP12_17", 162.9, 255.6, "T", "SMD", "ESP12_17", "", "R", 126, 126, 0, 0],
		[71, "GVTRO_1", 539.91, 577.17, "T", "DIP", "GND", "GND", "R", 70.87, 62.99, 40.16, 270],
		[72, "GVTRO_1", 539.91, 577.17, "B", "DIP", "GND", "GND", "R", 70.87, 62.99, 40.16, 270],
		[73, "GVTRO_2", 539.91, 477.17, "T", "DIP", "5V", "", "C", 62.99, 62.99, 40.16, 270],
		[74, "GVTRO_2", 539.91, 477.17, "B", "DIP", "5V", "", "C", 62.99, 62.99, 40.16, 270],
		[75, "GVTRO_3", 539.91, 377.17, "T", "DIP", "TXD", "", "C", 62.99, 62.99, 40.16, 270],
		[76, "GVTRO_3", 539.91, 377.17, "B", "DIP", "TXD", "", "C", 62.99, 62.99, 40.16, 270],
		[77, "GVTRO_4", 539.91, 277.17, "T", "DIP", "RXD", "", "C", 62.99, 62.99, 40.16, 270],
		[78, "GVTRO_4", 539.91, 277.17, "B", "DIP", "RXD", "", "C", 62.99, 62.99, 40.16, 270],
		[79, "GVTRO_5", 539.91, 177.17, "T", "DIP", "IO0", "", "C", 62.99, 62.99, 40.16, 270],
		[80, "GVTRO_5", 539.91, 177.17, "B", "DIP", "IO0", "", "C", 62.99, 62.99, 40.16, 270],
		[81, "GVTRO_6", 539.91, 77.17, "T", "DIP", "RST", "", "C", 62.99, 62.99, 40.16, 270],
		[82, "GVTRO_6", 539.91, 77.17, "B", "DIP", "RST", "", "C", 62.99, 62.99, 40.16, 270],
		[83, "M1_1", -230, -340.38, "T", "DIP", "IO13", "", "R", 62.99, 62.99, 31.7, 180],
		[84, "M1_1", -230, -340.38, "B", "DIP", "IO13", "", "R", 62.99, 62.99, 31.7, 180],
		[85, "M1_2", -230, -240.38, "T", "DIP", "$1N14820", "", "C", 62.99, 62.99, 31.7, 180],
		[86, "M1_2", -230, -240.38, "B", "DIP", "$1N14820", "", "C", 62.99, 62.99, 31.7, 180],
		[87, "M1_3", -230, -140.38, "T", "DIP", "$1N14846", "", "C", 62.99, 62.99, 31.7, 180],
		[88, "M1_3", -230, -140.38, "B", "DIP", "$1N14846", "", "C", 62.99, 62.99, 31.7, 180],
		[89, "M1_4", -230, -40.38, "T", "DIP", "$1N14770", "", "C", 62.99, 62.99, 31.7, 180],
		[90, "M1_4", -230, -40.38, "B", "DIP", "$1N14770", "", "C", 62.99, 62.99, 31.7, 180],
		[91, "M1_5", -230, 59.62, "T", "DIP", "$1N10904", "", "C", 62.99, 62.99, 31.7, 180],
		[92, "M1_5", -230, 59.62, "B", "DIP", "$1N10904", "", "C", 62.99, 62.99, 31.7, 180],
		[93, "M1_6", -230, 159.62, "T", "DIP", "$1N10904", "", "C", 62.99, 62.99, 31.7, 180],
		[94, "M1_6", -230, 159.62, "B", "DIP", "$1N10904", "", "C", 62.99, 62.99, 31.7, 180],
		[95, "M1_7", -230, 259.62, "T", "DIP", "IO12", "", "C", 62.99, 62.99, 31.7, 180],
		[96, "M1_7", -230, 259.62, "B", "DIP", "IO12", "", "C", 62.99, 62.99, 31.7, 180],
		[97, "M1_8", -230, 359.62, "T", "DIP", "IO14", "", "C", 62.99, 62.99, 31.7, 180],
		[98, "M1_8", -230, 359.62, "B", "DIP", "IO14", "", "C", 62.99, 62.99, 31.7, 180],
		[99, "M1_9", -730, -340.38, "T", "DIP", "12V", "", "C", 62.99, 62.99, 31.7, 180],
		[100, "M1_9", -730, -340.38, "B", "DIP", "12V", "", "C", 62.99, 62.99, 31.7, 180],
		[101, "M1_10", -730, -240.38, "T", "DIP", "GND", "GND", "C", 62.99, 62.99, 31.7, 180],
		[102, "M1_10", -730, -240.38, "B", "DIP", "GND", "GND", "C", 62.99, 62.99, 31.7, 180],
		[103, "M1_11", -730, -140.38, "T", "DIP", "2B", "", "C", 62.99, 62.99, 31.7, 180],
		[104, "M1_11", -730, -140.38, "B", "DIP", "2B", "", "C", 62.99, 62.99, 31.7, 180],
		[105, "M1_12", -730, -40.38, "T", "DIP", "2A", "", "C", 62.99, 62.99, 31.7, 180],
		[106, "M1_12", -730, -40.38, "B", "DIP", "2A", "", "C", 62.99, 62.99, 31.7, 180],
		[107, "M1_13", -730, 59.62, "T", "DIP", "1A", "", "C", 62.99, 62.99, 31.7, 180],
		[108, "M1_13", -730, 59.62, "B", "DIP", "1A", "", "C", 62.99, 62.99, 31.7, 180],
		[109, "M1_14", -725, 159.62, "T", "DIP", "1B", "", "C", 62.99, 62.99, 31.7, 180],
		[110, "M1_14", -725, 159.62, "B", "DIP", "1B", "", "C", 62.99, 62.99, 31.7, 180],
		[111, "M1_15", -730, 259.62, "T", "DIP", "3.3V", "", "C", 62.99, 62.99, 31.7, 180],
		[112, "M1_15", -730, 259.62, "B", "DIP", "3.3V", "", "C", 62.99, 62.99, 31.7, 180],
		[113, "M1_16", -730, 359.62, "T", "DIP", "GND", "GND", "C", 62.99, 62.99, 31.7, 180],
		[114, "M1_16", -730, 359.62, "B", "DIP", "GND", "GND", "C", 62.99, 62.99, 31.7, 180],
		[115, "R3_1", -424.37, -45, "B", "SMD", "3.3V", "", "R", 44.59, 54.21, 0, 0],
		[116, "R3_2", -345.63, -45, "B", "SMD", "$1N14770", "", "R", 44.59, 54.21, 0, 0],
		[117, "R4_1", -424.37, -240, "B", "SMD", "3.3V", "", "R", 44.59, 54.21, 0, 0],
		[118, "R4_2", -345.63, -240, "B", "SMD", "$1N14820", "", "R", 44.59, 54.21, 0, 0],
		[119, "R5_1", -424.37, -145, "B", "SMD", "3.3V", "", "R", 44.59, 54.21, 0, 0],
		[120, "R5_2", -345.63, -145, "B", "SMD", "$1N14846", "", "R", 44.59, 54.21, 0, 0],
		[121, "R%25EF%25BC%259D%25E5%258F%25AF%25E8%25AE%258A/10_1", -425.8, 666.4, "B", "SMD", "GND", "GND", "R", 44.59, 54.21, 0, 0],
		[122, "R%25EF%25BC%259D%25E5%258F%25AF%25E8%25AE%258A/10_2", -347.06, 666.4, "B", "SMD", "$1N11155", "", "R", 44.59, 54.21, 0, 0],
		[123, "U1_1", 75, -106.5, "B", "SMD", "U1_1", "", "O", 22.38, 76.78, 0, 180],
		[124, "U1_2", 25, -106.5, "B", "SMD", "3.3V", "", "O", 22.38, 76.78, 0, 180],
		[125, "U1_3", -25, -106.5, "B", "SMD", "U1_3", "", "O", 22.38, 76.78, 0, 180],
		[126, "U1_4", -75, -106.5, "B", "SMD", "GND", "GND", "O", 22.38, 76.78, 0, 180],
		[127, "U1_5", -75, 106.5, "B", "SMD", "$1N12455", "", "O", 22.38, 76.78, 0, 180],
		[128, "U1_6", -25, 106.5, "B", "SMD", "IO4", "", "O", 22.38, 76.78, 0, 180],
		[129, "U1_7", 25, 106.5, "B", "SMD", "IO5", "", "O", 22.38, 76.78, 0, 180],
		[130, "U1_8", 75, 106.5, "B", "SMD", "GND", "GND", "O", 22.38, 76.78, 0, 180]
	]
}
}